mfcc_mean_0,mfcc_mean_1,mfcc_mean_2,mfcc_mean_3,mfcc_mean_4,mfcc_mean_5,mfcc_mean_6,mfcc_mean_7,mfcc_mean_8,mfcc_mean_9,mfcc_mean_10,mfcc_mean_11,mfcc_mean_12,mfcc_std_0,mfcc_std_1,mfcc_std_2,mfcc_std_3,mfcc_std_4,mfcc_std_5,mfcc_std_6,mfcc_std_7,mfcc_std_8,mfcc_std_9,mfcc_std_10,mfcc_std_11,mfcc_std_12,chroma_0,chroma_1,chroma_2,chroma_3,chroma_4,chroma_5,chroma_6,chroma_7,chroma_8,chroma_9,chroma_10,chroma_11,spectral_centroid_mean,spectral_centroid_std,spectral_rolloff_mean,spectral_bandwidth_mean,zcr_mean,tempo,rms_mean,filename,genre
-65.94932,89.54569,-0.6733762,31.066252,2.6615188,16.511658,4.6717577,10.154959,3.1161838,6.1412396,0.51344126,4.4924765,-1.60603,38.71924,19.166008,17.824677,12.448856,14.672788,11.106648,10.8943615,8.741886,9.665527,8.52817,9.657482,9.024835,10.04811,0.32995072,0.3405666,0.3937022,0.2635745,0.34499708,0.29125357,0.42777085,0.32204616,0.3199769,0.46935233,0.43476778,0.46203938,2143.116337764465,518.8804299584184,4757.304566563467,2425.977524609224,0.0846117332623839,92.28515625,0.20239665,folklore_00.wav,folklore
-153.30087,108.37705,17.613201,30.344246,4.5518446,7.861881,-15.857582,4.8939514,-17.250063,-3.4418476,-14.243104,-9.488201,-13.77026,54.577152,27.751476,17.96701,12.7794285,13.395309,11.672554,11.715448,12.324606,12.994678,12.623639,9.772098,9.0552225,8.785295,0.23628494,0.13913262,0.10637204,0.26791286,0.4272458,0.16131052,0.155643,0.18817005,0.41019127,0.41671464,0.33890343,0.56609726,1701.2494810937008,707.8340618803518,3758.127275118518,2229.177905319442,0.05248418754837461,161.4990234375,0.14775094,folklore_01.wav,folklore
-43.94885,86.87712,8.269235,31.142702,7.5307345,8.210877,-7.3175316,5.1400776,-7.902924,3.9321096,-1.7105832,-0.8052563,-4.5494576,50.36636,27.520449,16.054373,14.238815,14.554711,10.460043,11.36959,8.619992,9.690328,8.203952,8.487891,6.255027,6.5051303,0.403402,0.40569812,0.45006582,0.3181081,0.37104458,0.354087,0.42985767,0.34121653,0.27284193,0.29177088,0.4088669,0.5378475,2271.517554811421,795.9585328357751,5085.269250072562,2541.0830125582493,0.08858638798858359,107.666015625,0.25537294,folklore_02.wav,folklore
-129.45721,135.04816,-10.625225,33.609364,5.6013017,4.595016,5.2839756,6.1150665,-6.601933,3.942589,-8.469095,1.8654124,-4.0526915,46.16934,24.839508,16.685585,15.474434,13.731522,10.659041,10.734528,10.428536,12.151566,9.645134,8.927556,9.418461,8.729534,0.3887963,0.19968112,0.26341125,0.24917154,0.43680528,0.3253152,0.20458432,0.28884488,0.28004962,0.35996437,0.2621022,0.39751607,1430.8641009050018,448.3677225166178,2953.0654765504064,1780.701760082061,0.0639024858504257,117.45383522727273,0.17243198,folklore_03.wav,folklore
-76.35366,106.162415,-11.550798,34.485386,6.6259365,11.940628,-2.72561,6.5377564,-1.9456345,5.5915627,1.001318,1.3562881,-5.4820333,57.145245,34.859184,16.883633,12.719536,12.705346,11.153429,11.271035,8.005162,11.505831,7.1376657,9.243554,6.8520656,6.4716372,0.48087308,0.35621616,0.38795665,0.3767579,0.49959302,0.35972008,0.29956743,0.38540146,0.3999613,0.43829453,0.37608412,0.49375728,2004.0750786792553,747.5063932911476,4299.732333440161,2207.9215499544416,0.08909961239841331,99.38401442307692,0.16338995,folklore_04.wav,folklore
-127.44009,99.55794,-4.0089183,34.7202,8.660612,10.31285,-0.6993694,1.8300194,-9.915245,3.3546162,-2.0604906,8.132492,1.501808,57.82343,26.421938,17.75873,13.70354,15.494218,14.7923765,13.739668,10.519558,10.355089,10.643153,12.6135435,9.30902,11.126133,0.4209881,0.5459268,0.34297207,0.4272246,0.35261348,0.44310167,0.26413503,0.2857143,0.25400582,0.2393,0.28484738,0.2222152,1886.1153515438173,600.9761705162285,3852.9767015770126,2144.7602978878367,0.09186641350619196,103.359375,0.1454414,folklore_05.wav,folklore
-126.451866,115.51652,-7.112549,35.083946,8.729545,12.859127,0.7848834,13.307925,-16.436167,8.842987,1.2905691,3.387266,3.0948553,62.757523,28.67446,20.580587,16.107992,23.34777,13.485366,14.884075,11.504359,12.00063,13.117401,9.611062,7.6582556,8.259802,0.41405174,0.36076868,0.3651058,0.36313468,0.51093405,0.34724352,0.2803439,0.32941717,0.31210542,0.35244632,0.3112719,0.32189143,1703.3448421409319,519.4636569636633,3531.078648050503,2004.4759652564733,0.07563862047697369,103.359375,0.15254033,folklore_06.wav,folklore
-167.70334,114.59259,2.1995344,29.202024,14.21641,-2.561205,0.0038892434,3.712091,-19.836401,-0.5233461,-3.2855432,-0.08022079,-9.434139,57.57275,27.834705,17.337807,13.142396,17.71759,18.368092,12.830132,13.597022,12.703492,9.957742,12.500675,8.470699,8.492977,0.29252365,0.35006282,0.23253974,0.30262545,0.37883103,0.37483406,0.4025919,0.31536862,0.44260606,0.38693288,0.27546266,0.3226054,1680.1024898308576,603.01489061774,3426.6459462074304,2126.7407145281923,0.06665454781830496,123.046875,0.10817081,folklore_07.wav,folklore
-150.54117,110.79841,1.3207947,36.78225,21.103228,14.299856,5.253226,9.699713,-5.302449,3.2815568,1.988375,-0.7108226,-5.2453547,67.12368,36.57147,16.350275,14.077428,12.209755,10.350093,12.647653,10.816283,10.246031,11.124423,12.059589,9.947306,8.18364,0.36861017,0.25930429,0.23102544,0.29596272,0.38215578,0.29954585,0.4091479,0.4554115,0.37836847,0.46253505,0.3527322,0.40113926,1682.4342350663758,819.1122087395028,3551.545190958785,2094.2397544373907,0.06667760134481424,123.046875,0.14106694,folklore_08.wav,folklore
-130.53691,110.6302,-17.574587,42.492954,11.498275,6.338105,-3.0022883,4.40117,1.1085653,-3.243551,4.2263813,5.4609337,-12.771908,52.979073,27.619066,20.835657,16.502447,16.431828,11.5884,11.980804,10.628323,11.272801,12.189293,16.48522,10.505829,15.918496,0.20966643,0.32878312,0.34952542,0.19380116,0.22774857,0.29767534,0.57777506,0.32344833,0.19302931,0.21427315,0.2494984,0.32401866,1756.4031753744857,555.1367985462552,3359.4463525541796,1883.2473590632226,0.09469557251354489,107.666015625,0.16415443,folklore_09.wav,folklore
-168.53804,81.624214,-0.22079988,44.13526,16.02358,10.393973,-1.8515176,3.903131,-3.1739464,-9.096722,2.5068848,-0.3439089,-9.037335,59.946465,25.306995,15.757025,13.758514,14.4714,11.238583,9.940054,9.854953,10.791601,11.183953,11.548702,8.429231,9.9959955,0.19439569,0.25509298,0.3401426,0.29979986,0.44398773,0.41438875,0.62122357,0.4748641,0.2612187,0.20340152,0.20325886,0.2559885,2215.6328219833376,724.7114167736479,4652.771865325078,2393.664394833152,0.10785573481037151,112.34714673913044,0.08633224,folklore_10.wav,folklore
-192.97275,129.57005,10.602516,31.222263,5.212298,11.723961,0.85507005,0.83433604,-17.175861,3.5619464,-6.3309813,-0.3055386,-1.8059356,58.09552,29.589062,15.823277,11.921798,13.702601,11.720025,11.87765,9.288095,12.356213,11.928773,8.559559,11.956017,10.842921,0.32169506,0.17484109,0.18940334,0.24308917,0.2934536,0.16565277,0.2719107,0.34999084,0.23932885,0.2858007,0.29845962,0.45880523,1369.1022862632983,555.4738560674848,2875.1576143152574,1874.5974867301068,0.05337344898897059,95.703125,0.11424445,folklore_11.wav,folklore
-136.90674,112.28418,12.946167,33.625042,2.5206027,5.9773846,5.6467814,11.466882,-7.4680495,3.1179903,-1.7309386,5.013442,-0.56526166,55.06473,23.026068,19.782928,15.461375,16.982706,10.633311,9.921884,9.787638,12.643172,8.176054,9.78652,10.731056,9.5245285,0.275945,0.38079995,0.41333744,0.21335949,0.23250543,0.28896895,0.54625535,0.4411325,0.26004466,0.24228777,0.34341836,0.381914,1742.898263269151,510.282688863056,3778.202153728473,2235.310104431488,0.06333786341428019,107.666015625,0.124203235,folklore_12.wav,folklore
-157.79813,111.393394,-8.120478,28.397936,7.723638,9.893544,-4.45589,10.211784,-4.5491567,3.2023604,2.8455398,9.657334,-0.43042147,55.95622,28.702534,18.20821,17.007908,17.154184,11.924997,13.864002,10.974442,14.308378,11.150339,11.025669,10.910457,10.38859,0.31974778,0.41715115,0.3657513,0.27750936,0.36367473,0.23239794,0.20138179,0.19301717,0.42288643,0.43372285,0.2907073,0.35454538,1776.3240808838837,540.3979182713599,3525.7370136839686,2031.2511380532358,0.0857814162877322,99.38401442307692,0.106808804,folklore_13.wav,folklore
-125.79847,109.63106,-2.8204622,38.417297,-5.756977,-0.64501595,7.5747676,7.5878377,-18.63365,5.143858,2.9223096,-3.8948245,-4.2801557,51.85758,27.40045,17.402267,12.132708,17.429852,11.405532,11.155847,12.267679,10.8432045,13.785596,9.005583,9.560993,11.542536,0.34843954,0.4043721,0.3083079,0.34035322,0.42927867,0.27674085,0.25753078,0.35563883,0.57932425,0.45959246,0.24709582,0.2677277,1731.551109817801,571.5015159749044,3509.4871119449012,2033.0749601589332,0.07400786692143962,184.5703125,0.15326397,folklore_14.wav,folklore
-156.43083,112.62492,14.50998,30.868134,16.943132,15.499244,4.38472,11.24088,-5.6706934,0.18380648,-5.191501,1.4617616,-5.4647975,61.18101,32.953163,15.124612,15.182661,12.308307,9.32081,12.240046,9.196114,9.382092,11.876658,7.7805576,6.640425,8.521483,0.39487755,0.3422938,0.46036097,0.2675886,0.30011824,0.2504996,0.29030737,0.3890724,0.24343887,0.21155135,0.23987599,0.38739252,1673.3181143350741,729.3985325728747,3753.5773026315787,2230.3805940496786,0.05212477929082817,129.19921875,0.1363192,folklore_15.wav,folklore
-90.14839,101.45978,1.163937,26.67589,5.4507976,8.243692,-10.518192,5.11582,-7.001297,0.5847497,-2.7765052,0.40379497,-7.996144,49.813034,23.013325,17.567793,11.7978,13.868435,9.340539,11.486285,9.959074,8.344136,8.612889,10.001237,6.924501,7.0981536,0.3103645,0.43089455,0.37461346,0.26660785,0.32220304,0.35654342,0.60205,0.3960722,0.31878582,0.3190448,0.4256974,0.4341638,2074.409656320206,641.7345324617182,4532.5559255877515,2372.712970006615,0.08978252588041796,107.666015625,0.1365101,folklore_16.wav,folklore
-80.03759,111.3831,-13.087193,28.58954,4.2959485,6.783069,-2.9647977,6.1449676,-2.6178403,7.9148774,0.84278846,2.3069572,-2.981423,37.44745,24.275032,12.708745,11.205397,12.90743,7.560045,11.972816,7.1131377,9.418141,7.4284105,8.263527,7.99202,6.6569858,0.5346897,0.37275982,0.35376298,0.44339883,0.7297371,0.37962374,0.27691036,0.3877948,0.3636095,0.35009423,0.28592426,0.41743726,1866.3499712751106,465.44860092413774,3932.80955217202,2183.921990317131,0.07668320977650929,103.359375,0.14777508,folklore_17.wav,folklore
-185.26851,131.41524,-8.078595,51.100334,13.257779,5.432239,4.6159844,10.792785,-12.557819,3.5578773,1.8093846,0.30280468,4.9426475,77.33942,27.679558,23.730478,14.565733,20.237051,17.337364,13.256321,9.857711,10.590195,10.340793,8.366657,9.556504,6.9756236,0.31576878,0.24542318,0.25070903,0.37154156,0.5166738,0.44603845,0.43372557,0.4172564,0.54864377,0.5725145,0.42285964,0.40660727,1383.7414996092455,570.27596423361,2853.8494098297215,1725.7348826782907,0.06094785519059598,161.4990234375,0.106546596,folklore_18.wav,folklore
-44.60542,99.31516,14.100126,25.295355,-2.675999,-0.26512906,8.876503,-0.21465592,-9.273439,13.39347,-8.391257,6.7252426,-1.7281566,39.48291,25.701567,20.087898,13.089013,16.189278,14.210719,14.106799,10.39113,9.466673,9.805183,9.145631,8.728886,8.496895,0.23391311,0.33000085,0.39487207,0.2902775,0.39558047,0.32632384,0.44474092,0.29061407,0.26595142,0.37941897,0.3145478,0.29739967,2165.2253446557743,725.4091259085487,4632.830319242212,2477.050592459699,0.09742949400154799,86.1328125,0.25847793,folklore_19.wav,folklore
-35.079517,92.976425,-11.348405,44.22534,5.692333,12.1613245,-3.6506727,3.7756393,0.558413,6.3430395,3.708965,6.8364,-0.96569264,56.790485,25.3219,15.638658,18.371073,13.870088,9.131121,9.008838,7.985245,8.154308,8.582777,8.536165,6.6889834,7.751246,0.33703968,0.43658778,0.4051323,0.27980974,0.37909776,0.4222311,0.5738845,0.3221297,0.2739469,0.26353163,0.33521205,0.434366,2131.763153265079,562.4043945877166,4430.064878670424,2229.9094294390507,0.10436255865421827,99.38401442307692,0.24865845,folklore_21.wav,folklore
-297.12683,194.09778,-3.2631624,14.094681,23.889141,5.872932,5.274728,9.453344,5.1144423,4.92527,6.6143804,3.0980055,-0.25264975,65.73785,23.950167,29.057562,15.56328,12.154382,11.3813,9.070095,6.838032,8.466181,7.6426044,8.357422,7.723133,6.874371,0.54561764,0.51037806,0.5235986,0.34682667,0.33614504,0.3404733,0.206768,0.27553523,0.40759295,0.5797707,0.5394233,0.5204879,610.7919838195297,242.0751978644638,1195.776102638835,855.1876033278562,0.027652138157894735,172.265625,0.085745856,folklore_22.wav,folklore
-127.41198,116.44876,7.2947407,42.37553,-1.0316103,17.297897,9.933734,12.946211,-6.776765,-5.4013867,-5.7552834,6.698351,3.765742,47.248405,24.836542,14.169623,9.470435,10.588944,9.5005045,7.7538447,8.124292,8.247162,8.152529,6.8551087,9.375544,9.090434,0.38498196,0.4099657,0.6003854,0.34424233,0.35977903,0.325639,0.20585795,0.17468637,0.25430495,0.51638985,0.38197178,0.33522695,1583.3398175983232,555.9034871138531,3471.5206748560854,2032.313254709171,0.060340904968072755,123.046875,0.15957116,folklore_23.wav,folklore
-99.63192,92.17615,5.4845095,26.5433,-5.546128,3.144158,-7.483223,6.468917,-11.737492,6.0599155,7.0037217,-2.0154715,-6.026625,45.05095,20.211147,18.818333,12.676962,16.840149,11.223359,12.078668,10.254416,11.9230795,8.405811,10.753774,9.436982,9.529388,0.22240524,0.30532488,0.30218542,0.24930008,0.38056633,0.3578793,0.37227023,0.26274973,0.36780235,0.37523654,0.22749463,0.2615249,2166.918047548433,512.7033954802255,4825.662486545811,2428.8300078805,0.08279617356811146,86.1328125,0.1582234,folklore_24.wav,folklore
-186.55167,140.74641,23.823452,54.05271,-1.8568281,15.591099,0.34824455,4.5654373,-13.3325615,8.066361,-4.877215,-2.7337806,-0.27820227,60.494095,33.580936,21.967945,13.122367,17.730896,10.490239,12.017683,9.180886,11.138505,9.728296,10.021458,10.208309,7.9312835,0.3697918,0.30658713,0.3411038,0.27612868,0.17918867,0.21071003,0.21689102,0.35284695,0.38141876,0.3999146,0.4352801,0.3342432,1142.1300104035056,613.1839022454413,2314.227672848539,1647.2236497308104,0.04195704032023994,129.19921875,0.16169254,folklore_25.wav,folklore
-73.16158,98.74819,12.901837,27.33491,4.8871927,8.307959,-7.823475,6.7116504,-7.1223817,6.114591,1.9082874,1.9578389,-2.340981,49.630318,27.48138,17.557522,11.463885,15.801425,10.3654175,11.452149,9.984438,10.876876,8.046448,9.305488,8.274044,10.389167,0.28212097,0.41459566,0.33379084,0.41279438,0.38032582,0.17818676,0.16618879,0.20947927,0.37336364,0.244195,0.20969348,0.29996124,2035.8351630304462,698.3791582611848,4560.005759602361,2420.0630268841246,0.07250787599167957,107.666015625,0.2303018,folklore_26.wav,folklore
-189.41411,113.51865,11.041703,35.88632,3.3197377,8.388479,-7.765037,5.823036,-15.122687,3.4249952,-6.223812,-6.425064,-9.02183,66.58108,24.552357,21.300144,12.801942,16.377,10.542292,11.542963,9.227806,10.176787,10.303809,7.4686375,7.1271954,7.5881042,0.4009682,0.24716868,0.23227467,0.21112701,0.26725146,0.22486967,0.28678253,0.5744814,0.40915322,0.37643805,0.2844801,0.3074612,1639.238388333544,545.6830813271436,3562.9534553079043,2125.6422107887765,0.05774039159249226,95.703125,0.0878564,folklore_27.wav,folklore
-102.87454,104.150375,5.3448224,31.735443,4.650338,15.66846,4.2615967,5.6525116,-9.367415,5.090025,0.036831528,5.2031817,-2.301588,49.37674,26.983496,15.371218,14.663304,14.616158,14.461017,11.567675,9.092159,9.681573,8.311341,8.74284,8.627899,8.257592,0.29987204,0.41983727,0.376786,0.3126045,0.4673905,0.36427522,0.33594757,0.28375864,0.38836437,0.43004766,0.35100916,0.3677879,1881.687262736294,658.3109528361089,4145.4749328802245,2283.4801759258735,0.07485669020897832,103.359375,0.16425037,folklore_28.wav,folklore
-93.81371,105.16577,0.20438388,33.22392,8.058385,13.080088,1.6367085,7.059808,-2.5439994,4.3219423,-3.2732122,0.30589908,-2.95663,42.83759,23.234945,16.255241,14.892343,10.607486,9.365382,7.756614,6.337527,8.230124,7.4332485,6.6807632,6.262446,8.545765,0.41409627,0.32801494,0.42521733,0.47347715,0.30156514,0.2257129,0.34628054,0.69836426,0.43334913,0.2510155,0.27391088,0.31761178,1970.100645023955,581.9438840353525,4380.365179197707,2330.6051133791907,0.08289632413409442,99.38401442307692,0.13895078,folklore_29.wav,folklore
-101.05745,104.66745,-11.577294,25.83029,6.6745877,13.088042,-7.964852,3.3797266,-10.577689,4.4632745,-0.45723537,-6.0713353,-3.050431,48.860184,25.464071,16.165743,12.974551,16.085304,11.878225,9.585216,7.5338483,10.45241,8.64926,11.085843,10.507265,8.354285,0.38301602,0.27743834,0.29007322,0.31469494,0.48840365,0.3068141,0.15606089,0.20460175,0.36620447,0.51319855,0.3840736,0.39976564,1970.857832761883,555.584643713411,4133.708337364551,2221.127185641549,0.08303653492647059,107.666015625,0.13393684,folklore_30.wav,folklore
-115.537346,112.25011,-11.858012,27.806454,-2.058635,15.956638,-3.0762994,6.626876,-4.9770536,6.4320693,-5.496629,3.0971274,-4.190162,40.180286,18.958458,18.758013,13.868831,12.720285,11.027009,9.823184,8.765203,8.020237,9.415023,7.3025594,7.012102,6.2690644,0.19578896,0.26393256,0.25355574,0.26276138,0.35834667,0.52127093,0.5972305,0.38931707,0.34714708,0.306541,0.22341277,0.21508029,1757.4291076336208,537.1751317820015,3810.6936239236647,2097.859595068403,0.06252456523316563,99.38401442307692,0.14638233,folklore_31.wav,folklore
-146.20485,118.826454,12.575167,37.727535,13.707258,9.505965,6.9447184,14.667439,-13.156178,3.7488148,4.1223273,3.4117665,4.7828207,52.224075,27.525007,17.159534,13.848466,14.831546,12.885081,10.5031395,9.203263,10.909638,10.244552,10.781173,11.051866,10.40578,0.45481268,0.31511542,0.41112974,0.34891164,0.42957914,0.28615165,0.17040972,0.20232445,0.3416563,0.423721,0.32968926,0.39635825,1491.571069694348,511.06302760213447,3150.3142838138547,2036.3985003424393,0.059620954672987614,112.34714673913044,0.15828304,folklore_32.wav,folklore
-141.58258,98.46145,7.6920357,36.36734,12.94176,3.2864182,6.838397,0.946043,-17.463087,10.059285,-4.4556656,2.53173,-8.767273,51.04083,28.909258,21.321749,13.6991415,14.401952,18.387766,12.462591,9.861884,10.624553,14.670268,8.864262,7.9224353,9.068427,0.29519647,0.2733543,0.29157913,0.27337128,0.31748456,0.24357443,0.31584355,0.30420032,0.25117806,0.28180814,0.27254477,0.42522928,1960.4923891115764,680.6712257795618,4099.733542805486,2317.2789601284294,0.07898364938080496,112.34714673913044,0.12699734,folklore_33.wav,folklore
-46.908077,112.04983,-6.9822826,30.680069,-0.18933573,3.399472,-1.333782,4.181197,-10.061147,4.17747,-4.8174715,-2.8254735,-2.9547863,39.78899,22.533249,17.404633,12.107012,10.287471,11.345923,10.51054,8.259286,9.063078,9.877399,8.040166,9.265054,8.871431,0.27028844,0.40151826,0.27925524,0.20058978,0.27187854,0.2946758,0.42215878,0.35967454,0.47508305,0.46469188,0.3378539,0.30412483,1944.9250964283206,587.5890462679595,3954.0760902428406,2148.7056675947547,0.09490040876547988,117.45383522727273,0.21809033,folklore_34.wav,folklore
-1.2237109,76.50748,-6.1367054,16.483786,9.393761,5.839507,-0.69125193,8.51291,-5.867926,5.4702806,3.1499488,2.8524394,-2.6242661,33.185596,19.413103,16.516123,12.962274,15.926113,9.432956,10.585621,8.596166,8.560309,9.610634,9.487713,8.094846,6.983681,0.23633265,0.31824845,0.3126512,0.4726356,0.5059762,0.2954142,0.25358966,0.2521162,0.34961972,0.35556296,0.3041046,0.27017495,2693.353417681012,574.4854324819155,5822.131461034249,2678.428645629751,0.12423167509191177,99.38401442307692,0.25177187,folklore_35.wav,folklore
-199.36293,151.27615,10.947984,21.600311,-0.0689342,-0.4393669,-6.9183564,-0.5959793,-12.024751,-2.0122712,-10.98019,3.3492792,-5.548228,57.71805,29.834993,19.19601,13.090803,18.905975,10.404083,11.393143,10.611232,10.106198,10.080262,10.713479,9.93552,7.3521094,0.28435326,0.24467263,0.37339294,0.28478247,0.19109097,0.16413814,0.28928876,0.44964445,0.33153945,0.30373123,0.30197006,0.35496277,1238.6519373649667,648.3083664564876,2161.4452633695337,1696.4623630136566,0.05756352191369969,123.046875,0.103488535,folklore_36.wav,folklore
-123.2159,91.96547,9.873525,37.579872,5.3969426,11.190295,0.03866988,5.2095385,-13.4250965,7.731214,-4.465068,2.8773763,-7.0639477,53.523724,31.421803,21.898342,14.936051,17.780514,14.596566,11.860658,9.195722,8.5603,11.3005495,8.773615,8.701045,9.11764,0.24590857,0.27922994,0.3082307,0.266879,0.36939555,0.39919868,0.26047686,0.3180606,0.39086226,0.5886926,0.4082756,0.23691821,2118.3680493834527,842.5997796188279,4670.038427583204,2393.22319276229,0.0901502485245743,112.34714673913044,0.14153326,folklore_37.wav,folklore
-137.11662,108.14207,25.40457,28.320086,-0.10040774,9.913386,-3.294869,9.856671,-12.56476,1.4636477,7.9489226,-9.38313,-0.9870413,74.23883,30.882896,22.002174,16.198914,21.082348,13.405746,13.156756,9.469584,13.508823,12.721974,11.554039,9.681507,9.923641,0.28121537,0.28172332,0.40937904,0.37045854,0.3196303,0.2627388,0.28165096,0.31536913,0.25687236,0.2538922,0.2976134,0.38403946,1802.6018558175676,759.7263921313595,3969.2426651993032,2296.0092659386173,0.06549582466621517,143.5546875,0.16360801,folklore_38.wav,folklore
-46.316418,104.41174,-14.113082,32.88849,13.387527,10.396534,1.7868448,7.8716426,-6.9353986,4.96467,0.4520858,0.7844016,-1.4849567,39.619064,22.658142,15.9197035,11.830007,12.482438,9.315396,8.725093,7.955287,8.584791,9.575827,10.242047,8.072016,6.206785,0.48781243,0.35080126,0.36112857,0.31077233,0.4144454,0.30099005,0.42963937,0.50926095,0.32301244,0.31963116,0.29449558,0.4816155,1987.7874973984983,509.59002196199333,4107.891826806792,2236.558318740199,0.08705200573239164,99.38401442307692,0.20721233,folklore_39.wav,folklore
-18.580345,78.19708,7.4685125,27.908121,8.378437,6.24694,3.3466022,10.416139,-5.770771,8.871845,7.8834786,1.679918,0.23992273,37.76943,21.339764,17.123112,11.979269,13.341951,8.819336,10.911535,8.549943,7.7179093,10.203638,8.950495,7.0002003,7.448307,0.2805571,0.3696229,0.384962,0.2740451,0.36649296,0.39068577,0.5642044,0.42069978,0.25935048,0.25661588,0.34063393,0.37084466,2631.139917905491,710.8165515587751,5758.798510666602,2712.657348864244,0.12259903190305728,112.34714673913044,0.2353124,folklore_40.wav,folklore
-70.12093,99.49366,-7.0025625,16.810965,-0.936444,4.4067745,2.5119526,10.627804,-8.890314,8.19328,8.440114,-0.18208463,-0.79862124,48.155315,21.122883,18.217445,13.31345,16.023579,12.46746,10.840358,10.139897,12.707805,9.721681,10.860308,8.505744,7.652946,0.26146314,0.24982993,0.3586612,0.29615277,0.34129542,0.24769226,0.45408544,0.5014363,0.30063733,0.29717517,0.28071862,0.486462,2058.314154251178,568.3739249071914,4181.774713380418,2309.4994820753354,0.0930629293246904,107.666015625,0.18691319,folklore_41.wav,folklore
-80.67339,87.49325,27.474697,19.04964,8.976418,7.1524744,3.4074533,6.8665147,-5.7665305,10.56862,9.588689,-4.9585066,-0.060085334,39.527317,22.256025,18.636948,12.250789,13.781999,9.174988,10.480006,8.490442,8.755481,9.256423,9.526788,8.377774,8.196053,0.31812567,0.4764614,0.33508158,0.24669982,0.18351498,0.30465722,0.48662007,0.28867275,0.2855192,0.2566126,0.3188436,0.26707372,2450.3096764172024,844.1756616173078,5740.356955513496,2823.2616668756855,0.09486186024574303,117.45383522727273,0.19349901,folklore_42.wav,folklore
-42.494904,105.025635,6.8680553,34.169712,1.8992729,5.070905,2.4804552,7.6551194,-18.962643,4.3757133,2.5953875,-2.0461402,-2.681428,67.55698,30.710442,20.182978,16.64458,19.32415,11.166285,12.2616625,10.482569,12.530709,10.36703,11.025856,9.052801,9.065626,0.3405645,0.29768476,0.35801965,0.35576743,0.3082276,0.32972324,0.425833,0.4955291,0.3488915,0.35737363,0.3337632,0.32143557,1996.3552089162768,727.5676630229603,4097.008559283088,2265.342947120931,0.0857927540876548,107.666015625,0.28412968,folklore_43.wav,folklore
-46.539238,100.913025,-9.048754,28.307829,17.174883,4.5141993,-0.22358198,11.7137,1.5192851,7.9976435,0.08775658,2.3315508,0.06780439,34.526,20.294216,15.588198,15.031417,12.007304,10.735025,9.151636,8.347884,9.15047,8.79432,8.488652,7.988213,7.0002265,0.41145036,0.29846403,0.29276922,0.3374967,0.59454626,0.37224963,0.2919621,0.40695697,0.41644537,0.4196591,0.32768518,0.44155696,2063.9841029320423,534.6442175652217,4369.673577181695,2358.3165259151087,0.09170277126064241,103.359375,0.2155132,folklore_44.wav,folklore
-114.062935,98.308685,-10.799341,26.326414,-3.6911073,-3.8297305,-4.650736,-3.752737,-19.355469,0.8090448,2.9451697,-11.619152,-5.3737035,45.393074,24.618622,21.709352,13.251018,15.260563,10.424741,11.757923,9.999804,12.301797,9.337085,9.44238,9.659989,8.391819,0.47420368,0.2924227,0.3558896,0.24768312,0.30736217,0.19512588,0.26534805,0.45841795,0.24276684,0.20604755,0.20605525,0.368311,2093.7001722713912,851.3818199313557,4144.191607306985,2245.9919129903847,0.09234600244291796,117.45383522727273,0.13496456,folklore_45.wav,folklore
-76.51248,106.12944,20.168468,37.195087,9.277117,11.44089,-2.7062924,-1.4180963,-9.005004,-4.178121,-6.947999,-0.64408684,-2.6576233,50.917393,24.373749,15.059294,11.323745,11.973333,10.912356,9.565506,9.01131,7.866189,10.249859,9.302309,10.539128,8.401196,0.20831041,0.26873705,0.24693157,0.19621104,0.26818526,0.24428046,0.34192392,0.24775606,0.39932057,0.59409547,0.31506243,0.33130714,1783.9585314705541,644.1170387121556,4062.967098460478,2338.040709777635,0.06325056235487617,86.1328125,0.2581302,folklore_46.wav,folklore
-58.410683,86.171776,-0.33909678,29.555117,-2.5989268,3.2683635,-2.1204073,6.388672,-4.483793,4.7018166,2.9752927,1.3678725,3.1279025,48.312267,17.301054,19.503485,13.490114,14.842053,9.22824,9.4091015,8.885469,9.237443,9.61222,9.125151,8.305831,8.870159,0.5554263,0.283849,0.29716358,0.23126253,0.40342396,0.5828246,0.2672743,0.21666132,0.20981357,0.32804957,0.26304862,0.27160332,2318.0472843743587,485.91233960735246,5074.335982851199,2492.7899435580534,0.09726774138931889,103.359375,0.18931992,folklore_47.wav,folklore
-145.62224,102.9599,-0.66955274,35.35312,10.7548895,20.255293,-6.7873106,24.33683,-17.331291,7.3432736,1.4724364,9.489023,-12.864738,54.90475,33.663815,22.262419,13.82754,15.621237,10.927632,11.126817,12.165273,10.826551,10.925014,13.969601,9.74681,9.581461,0.39080054,0.29570267,0.28506818,0.33795223,0.44545558,0.3498291,0.40852493,0.37860215,0.31746075,0.37420216,0.38613442,0.47400442,2047.3805620926057,964.2139273998334,4261.724229936629,2262.395104420925,0.09129309875677244,123.046875,0.12223154,folklore_48.wav,folklore
-148.49904,120.95524,10.005653,24.935572,4.871922,-4.792259,-11.578045,7.457175,-19.834707,-9.83449,2.1274734,-9.245158,-9.211072,72.64808,31.357351,22.212328,19.072369,19.456263,13.785128,12.744341,10.297403,16.482897,14.664184,11.165761,11.778136,10.185814,0.2939005,0.32710806,0.46616676,0.31050745,0.22818506,0.18523361,0.26431397,0.30333027,0.22825022,0.27148917,0.28775728,0.38337877,1601.025669487338,618.4299370425177,3151.7392751971265,2067.062098707267,0.05950530911377709,143.5546875,0.16260394,folklore_49.wav,folklore
-86.17012,93.08915,15.275249,10.703956,4.1692896,-0.13851428,-9.692695,-6.684604,-12.130093,-0.35399938,-10.938675,-3.9360647,-6.54986,56.367676,28.597435,19.161602,17.752413,15.860706,13.163988,15.9637785,15.841337,13.355952,12.457506,12.244548,10.144177,11.228008,0.49230197,0.31113532,0.37670493,0.2564294,0.33949578,0.24706587,0.21009791,0.23399572,0.24849032,0.36582747,0.21275096,0.30290905,2351.2534750440263,987.316272507809,5393.759051343605,2696.4482924066174,0.08291937766060371,135.99917763157896,0.20553939,folklore_50.wav,folklore
-59.55066,95.35301,8.794906,26.796486,6.4860244,18.54329,-0.16505569,7.4426565,0.23587655,-1.8745586,9.499171,7.669737,-3.681744,43.646523,22.088865,18.090755,12.844922,13.066008,9.001294,12.08317,9.299669,8.038984,12.368001,12.187053,7.7628136,8.254461,0.32109,0.40949997,0.617921,0.5081731,0.36272594,0.31484345,0.34990314,0.40766618,0.3876831,0.4650695,0.39384592,0.28858414,2194.824617864446,689.3345076764218,4974.06158919674,2527.905114817334,0.08373910059500773,117.45383522727273,0.20635816,folklore_51.wav,folklore
-178.59087,78.94914,-34.275276,-4.4291825,-10.318857,-2.810665,-14.109877,1.6608762,-6.3063703,-0.40305907,-10.484667,-0.713134,-7.774856,136.49524,39.03855,46.1976,26.147366,20.734632,10.837648,13.511734,11.17848,9.2090435,8.990006,11.868334,8.299396,8.476591,0.42629835,0.46581128,0.44129443,0.36606675,0.340912,0.34491888,0.37713856,0.3922152,0.4041266,0.4332391,0.41469273,0.403053,2255.7848557013276,932.6539923659849,4285.049088894399,2154.3724663539265,0.1182634572126548,123.046875,0.09950093,folklore_52.wav,folklore
-175.84776,125.98857,5.791231,28.454576,3.7123208,9.707506,-10.2580805,5.557008,-7.3340015,-3.9578657,-7.6507044,-0.7955991,-2.7439513,44.91038,29.786625,16.689323,16.147528,14.971709,11.7793,13.930859,12.122929,13.3499,12.550378,12.887487,11.06557,11.94635,0.40794286,0.24639736,0.19205116,0.25946483,0.34357727,0.28825784,0.36859035,0.3245343,0.22032784,0.24972837,0.2793011,0.42931154,1464.760737658413,608.345168429096,3064.439803085091,1973.1961603199425,0.0519849464251161,123.046875,0.12311199,folklore_53.wav,folklore
-66.52228,90.96447,10.602138,34.120075,-0.23292385,18.033245,-2.4967618,14.69415,-8.945592,0.94663996,4.639691,-1.2442892,-0.99239665,43.923897,28.525766,17.333971,15.072151,13.020397,9.037232,9.616048,9.707973,8.880966,10.377898,9.586538,7.637342,8.313345,0.34856966,0.27536336,0.3121387,0.34200805,0.38551384,0.35473353,0.46276128,0.40671957,0.27930006,0.32549673,0.35451007,0.49362272,2267.492464631015,770.1181588220578,5106.694120519302,2491.1133604133875,0.0844469572368421,99.38401442307692,0.20935118,folklore_54.wav,folklore
-34.46802,77.70841,-3.6381054,30.00294,9.776213,8.204351,9.651858,13.312673,3.3114524,11.658391,0.6922818,4.5342236,-0.30202132,40.699974,22.977024,14.025552,11.171317,13.878093,9.597356,9.28758,9.192949,13.8106985,10.341366,11.477088,9.827973,10.233348,0.42172143,0.2826796,0.3947685,0.32534045,0.2250476,0.28012568,0.26354817,0.45408985,0.23865552,0.23348999,0.25452352,0.30191398,2403.264919986313,575.4381556658273,5068.6693504498835,2534.0656192963484,0.10425333784829721,107.666015625,0.27493688,folklore_55.wav,folklore
-289.87106,127.79506,1.7704368,61.691063,-15.114194,-11.30751,-1.4284483,-27.349068,-4.8729987,-14.066984,-17.348957,-1.5633594,-22.39279,99.98049,22.317677,32.138847,18.331417,19.958294,16.66075,10.773198,15.350209,11.57775,10.874059,9.090487,11.420675,10.655976,0.22228888,0.2126829,0.27233836,0.1354439,0.17162296,0.11875429,0.19272396,0.1577917,0.16575694,0.2821038,0.23486017,0.4875795,1124.559638730514,521.220317874978,2380.4022726997873,1371.6390117432518,0.05218751511706656,151.99908088235293,0.096612334,folklore_56.wav,folklore
-104.5201,94.54539,6.323068,35.713154,16.529732,4.222216,-10.202827,4.915904,-7.3762565,-0.14630495,-0.12253381,-13.243849,-5.4274006,53.667034,28.083437,19.378117,18.482286,17.109526,14.185966,11.971195,13.232564,12.493358,13.560791,10.184509,11.398247,9.4393635,0.32930565,0.35244316,0.19945751,0.3235802,0.40506524,0.18213911,0.18096887,0.20986673,0.3754587,0.3315143,0.26826334,0.36088532,2100.0495626211264,792.1691063174763,4546.597507346894,2412.7240704678206,0.08474703100812693,83.35433467741936,0.17000754,folklore_57.wav,folklore
-55.91402,108.08356,-0.6121932,28.009092,4.08393,2.2411542,-1.2382952,3.8467984,-5.4667225,4.895033,3.8608735,-0.20389634,2.4408476,37.961105,23.018976,17.510416,11.850093,13.302475,10.001885,12.792517,9.978559,9.408545,8.261893,9.84458,8.913064,7.837215,0.32105947,0.42712232,0.33399677,0.47768363,0.3889741,0.3046086,0.38465488,0.256805,0.26852164,0.20269682,0.33132583,0.37158054,1949.7883520471019,649.4670091544587,4134.824997278928,2309.8256081636214,0.07537331595878483,151.99908088235293,0.22435035,folklore_58.wav,folklore
-106.24241,79.13542,37.956886,7.0469522,-12.347346,-3.2100267,-22.31711,-1.7023085,-10.27278,6.3565283,5.425992,-6.3329854,-0.11579919,54.499672,25.258057,21.446638,17.336987,22.229315,14.688864,15.787722,14.252149,14.82455,12.656203,10.434628,10.81981,10.613891,0.26538315,0.21228427,0.28879726,0.5174375,0.3599206,0.3317389,0.23395352,0.24910386,0.23308839,0.23276073,0.318489,0.27116436,2666.032609670192,934.97688592662,6312.295163748065,2896.119901944884,0.10160596156636997,135.99917763157896,0.18939355,folklore_59.wav,folklore
-145.42485,96.16198,-15.719681,12.833318,1.5353436,2.252282,-0.76277685,3.0519562,-0.12964848,8.652946,-4.1898255,1.7794957,-6.4511423,34.81663,21.56027,13.201332,11.208188,9.120927,7.596656,7.8926387,7.308462,6.8308835,6.315791,8.009994,7.5776496,7.707512,0.3333659,0.1955203,0.28667513,0.2371062,0.4597715,0.29506087,0.21942654,0.3691151,0.2450207,0.3187464,0.23663968,0.38116094,2204.4289015778263,535.6733315319743,4614.422097220879,2381.9003530054956,0.10186446340460527,123.046875,0.069416165,folklore_60.wav,folklore
-50.337486,83.97115,11.803245,24.381256,0.6414861,13.583013,5.85427,4.657198,-1.9087934,8.23113,-2.4093375,-3.0502427,1.8855472,37.068882,18.388285,15.950971,12.937208,11.464163,8.57592,10.279955,10.1705885,9.587511,10.131424,10.449244,8.46532,8.343437,0.4415662,0.2179479,0.200035,0.2120893,0.3969092,0.2851981,0.2706811,0.36681306,0.4197759,0.5366435,0.30830398,0.42841434,2403.777399033461,570.8989844415802,5428.175509898655,2651.7321512446993,0.09807045762383901,99.38401442307692,0.20920272,folklore_61.wav,folklore
-179.12881,77.9785,16.452044,26.893623,12.846809,12.484409,3.0051267,7.811915,-9.287265,3.3111138,-2.3937678,-3.1517775,-2.517174,78.90378,28.322533,26.1538,15.251771,12.9519615,11.633227,11.154311,9.744388,9.95341,12.383204,9.8624115,8.030204,9.212056,0.47559482,0.28631443,0.2875827,0.2305708,0.314299,0.27996513,0.33306754,0.60976785,0.4100372,0.36519194,0.28082207,0.38247874,2472.7868323573366,852.2745085274988,5569.732987253289,2733.222936781697,0.09128554022349071,95.703125,0.07762279,folklore_62.wav,folklore
-207.42778,133.33008,12.451797,21.254019,9.77087,6.327051,5.903937,4.71014,-0.5302349,4.4565735,-0.42076117,2.3666716,3.9759355,57.67791,35.324753,22.311777,19.219452,12.83481,14.050695,10.762125,12.852429,12.233497,13.093467,10.234559,8.309222,10.17869,0.3481531,0.28570992,0.38466412,0.32935944,0.32315376,0.23372303,0.27617776,0.33458248,0.3020416,0.38397345,0.36580423,0.49805585,1401.2888568386973,714.2865529917823,2784.0748317470493,1978.5408546402034,0.046588153661958204,123.046875,0.10126701,folklore_63.wav,folklore
-149.24858,77.61388,-35.15815,27.035767,10.211038,11.586713,6.059584,14.155007,6.294301,7.93347,-6.500558,-2.056291,-3.8652894,21.024734,16.043152,14.667028,9.513495,7.8851185,7.861229,7.803202,6.7575207,7.044501,6.9407725,7.1214967,6.9777374,6.604879,0.44475323,0.42470506,0.3949113,0.346344,0.37846342,0.43646264,0.50972354,0.5493042,0.6672306,0.5531235,0.4829196,0.4965864,2484.9304403022015,403.2687405954441,4809.704249709753,2316.192462026575,0.14055848490712075,99.38401442307692,0.056938607,folklore_64.wav,folklore
-210.88661,79.87269,-20.843992,14.429845,-5.3143644,5.6679387,-0.6206266,4.9276066,-1.6165849,9.078289,-5.2824492,1.2802092,-11.796896,65.06657,22.03388,17.883995,11.146868,10.263217,8.77265,9.911888,10.026331,8.419835,8.746952,8.583261,8.70417,7.5392127,0.32936996,0.31583044,0.31509006,0.32704377,0.40575024,0.51507866,0.61465716,0.44860208,0.3172549,0.3261219,0.27971125,0.29132262,2589.86450737213,679.5818388432986,5283.66805038216,2465.725769046277,0.13362315269446595,92.28515625,0.035553068,folklore_65.wav,folklore
-118.285904,104.30962,-7.170924,14.665095,8.219619,5.707912,-1.6066387,8.211126,-7.1768494,1.7765471,-5.463859,-1.3548985,0.67101854,55.501774,28.136694,19.542166,18.501423,14.356372,12.413025,11.637974,11.112238,10.825904,10.631074,9.711616,8.923873,8.792097,0.3433628,0.26399973,0.2846973,0.27179834,0.38767385,0.24858393,0.37991297,0.35676432,0.3067874,0.43891618,0.31277505,0.41144738,2066.170408552224,731.8520067486635,4359.8153034599945,2340.404360267981,0.09241062790247678,151.99908088235293,0.12288387,folklore_66.wav,folklore
-231.14803,96.22786,-84.41284,17.996721,-39.409157,-15.890427,-24.826002,-9.226034,-18.200766,-12.015538,-8.42678,-13.721047,-10.808775,46.137222,32.73078,15.817832,13.064671,8.869645,9.740609,11.8303175,9.898005,8.627016,11.784606,14.4245205,15.083955,15.240342,0.065309055,0.160175,0.24172275,0.13211831,0.40870038,0.2354951,0.12410115,0.19202875,0.17652617,0.5197702,0.2903809,0.10522122,1897.5297327923925,331.140309130365,3365.7963141568307,1552.674817109507,0.10937462207333591,112.34714673913044,0.06799432,folklore_67.wav,folklore
-137.3635,117.670204,9.026205,26.522038,6.2033443,12.664485,2.6202939,6.6989026,-3.143128,6.627444,1.237403,0.67239624,0.38981953,46.54753,29.735281,21.25988,12.249831,12.578712,9.499537,11.357344,8.918533,8.817253,10.741909,9.486338,8.228759,7.3218846,0.40123165,0.2888928,0.36433336,0.45511997,0.32960492,0.33849692,0.27630854,0.40232912,0.3276256,0.24821427,0.30244157,0.30932322,1752.08796046226,745.7189136528605,3730.4441091815015,2220.012762290641,0.06627359774090558,92.28515625,0.124372356,folklore_68.wav,folklore
-66.70388,79.361145,16.329582,26.83581,14.218461,15.147433,5.0580745,9.383205,1.1084738,7.629074,0.28937593,0.78005785,-1.6744679,44.912243,21.17618,17.897818,12.977132,13.076028,10.987164,9.613894,8.970728,9.142378,9.188228,7.7383466,8.200677,7.8056087,0.35569382,0.37612903,0.52894896,0.42355785,0.45288157,0.45050412,0.31727034,0.34644347,0.3577588,0.43765202,0.3456351,0.32778597,2503.0105766107836,772.3714611592634,5842.13967338066,2797.993175187191,0.09633426252902477,172.265625,0.22230801,folklore_69.wav,folklore
-271.0391,98.444695,23.174334,27.074766,7.095406,10.510526,-6.5214562,5.260838,-3.560952,3.6203594,-4.2856617,-4.8702507,-3.2209241,62.652397,33.433254,25.88936,18.056433,15.194944,13.175057,13.727863,9.707452,10.526205,11.9104595,9.949566,8.228146,8.166213,0.38514552,0.27666223,0.35033545,0.20782843,0.15498576,0.17898239,0.35394406,0.43000707,0.38527617,0.41248986,0.30573675,0.33395174,1988.2130911275092,986.1116433936179,4380.281846368276,2437.0016056417326,0.06939035893962849,129.19921875,0.047989696,folklore_70.wav,folklore
